{"0":-0.003979521803557873,"1":0.06511708348989487,"2":-0.007539153099060059,"3":-0.00936368852853775,"4":-0.16148699820041656,"5":0.044251199811697006,"6":0.05719868093729019,"7":-0.06882532685995102,"8":0.14905601739883423,"9":-0.0033063520677387714,"10":0.2126709371805191,"11":-0.047447320073843,"12":-0.26727065443992615,"13":-0.1146891787648201,"14":-0.025504611432552338,"15":0.1220959946513176,"16":-0.03976830467581749,"17":-0.17821398377418518,"18":-0.10083038359880447,"19":-0.04129534214735031,"20":0.018471306189894676,"21":-0.03576735779643059,"22":0.06129993125796318,"23":0.046970807015895844,"24":-0.08807069063186646,"25":-0.3706442713737488,"26":-0.07016491144895554,"27":-0.14439688622951508,"28":0.0019969900604337454,"29":-0.1434871107339859,"30":-0.07185036689043045,"31":0.054763469845056534,"32":-0.18274462223052979,"33":-0.1564752161502838,"34":-0.012482761405408382,"35":0.11874212324619293,"36":-0.03616102784872055,"37":-0.010930203832685947,"38":0.17600218951702118,"39":0.006072415038943291,"40":-0.17630356550216675,"41":0.11363998800516129,"42":0.02489027939736843,"43":0.30641859769821167,"44":0.13702426850795746,"45":0.08492500334978104,"46":0.03154413402080536,"47":0.03358180448412895,"48":-0.00793551653623581,"49":-0.26530778408050537,"50":0.13544513285160065,"51":0.10472375899553299,"52":0.11376071721315384,"53":0.037100668996572495,"54":0.06870440393686295,"55":-0.12490598857402802,"56":-0.05367821082472801,"57":0.08087099343538284,"58":-0.1537686139345169,"59":0.04911993071436882,"60":0.06409893184900284,"61":0.033216316252946854,"62":-0.0411720909178257,"63":-0.10298671573400497,"64":0.2732515037059784,"65":0.11602093279361725,"66":-0.08474379032850266,"67":-0.031534839421510696,"68":0.1283302903175354,"69":-0.119190514087677,"70":-0.03910217806696892,"71":0.009153430350124836,"72":-0.16291362047195435,"73":-0.12264662981033325,"74":-0.22827251255512238,"75":0.17342890799045563,"76":0.45249634981155396,"77":0.10715604573488235,"78":-0.18250922858715057,"79":-0.036902379244565964,"80":-0.07998572289943695,"81":0.07885526120662689,"82":0.027390088886022568,"83":-0.07400208711624146,"84":-0.04288226738572121,"85":0.04084771126508713,"86":-0.11842864751815796,"87":0.056703053414821625,"88":0.12237904220819473,"89":-0.060888227075338364,"90":-0.03929230570793152,"91":0.19396018981933594,"92":-0.0008843232644721866,"93":0.03721640631556511,"94":0.08995960652828217,"95":0.07257182151079178,"96":0.007895180024206638,"97":0.024133801460266113,"98":-0.18323366343975067,"99":0.05655495077371597,"100":0.09354392439126968,"101":-0.145713672041893,"102":0.018304171040654182,"103":0.05137230455875397,"104":-0.1569366604089737,"105":0.02005777880549431,"106":-0.017691265791654587,"107":-0.032030168920755386,"108":0.0065547022968530655,"109":0.09320849180221558,"110":-0.1592111587524414,"111":-0.07176773995161057,"112":0.1927390694618225,"113":-0.28725358843803406,"114":0.2327718436717987,"115":0.21264272928237915,"116":-0.03860577195882797,"117":0.08008139580488205,"118":0.05701502785086632,"119":0.06308726221323013,"120":0.008833171799778938,"121":-0.03830639645457268,"122":-0.13386593759059906,"123":-0.09375058859586716,"124":0.09434143453836441,"125":0.012088930234313011,"126":0.013923208229243755,"127":0.09150751680135727}